insert into poll (poll_id, question) values (1, 'What is your favorite color?');
insert into option (option_id, option_value, poll_id) values (1, 'Red', 1);
insert into option (option_id, option_value, poll_id) values (2, 'Black', 1);
insert into option (option_id, option_value, poll_id) values (3, 'Blue', 1);
insert into option (option_id, option_value, poll_id) values (4, 'White', 1);

insert into poll (poll_id, question) values (2, 'What is your favorite Credit Card?');
insert into option (option_id, option_value, poll_id) values (5, 'American Express', 2);
insert into option (option_id, option_value, poll_id) values (6, 'Visa', 2);
insert into option (option_id, option_value, poll_id) values (7, 'Master Card', 2);
insert into option (option_id, option_value, poll_id) values (8, 'Discover', 2);

insert into poll (poll_id, question) values (3, 'What is your favorite Sport?');
insert into option (option_id, option_value, poll_id) values (9, 'Football', 3);
insert into option (option_id, option_value, poll_id) values (10, 'Basketball', 3);
insert into option (option_id, option_value, poll_id) values (11, 'Cricket', 3);
insert into option (option_id, option_value, poll_id) values (12, 'Baseball', 3);

insert into poll (poll_id, question) values (4, 'How long have you used spring framework?');
insert into option (option_id, option_value, poll_id) values (13, 'One Year', 4);
insert into option (option_id, option_value, poll_id) values (14, 'Two Years', 4);
insert into option (option_id, option_value, poll_id) values (15, 'Three Years', 4);
insert into option (option_id, option_value, poll_id) values (16, 'Four Years', 4);

insert into poll (poll_id, question) values (5, 'How do you rate overall satisfaction with Apress Books?');
insert into option (option_id, option_value, poll_id) values (17, 'Very Satisfied', 5);
insert into option (option_id, option_value, poll_id) values (18, 'Somewhat Satisfied', 5);
insert into option (option_id, option_value, poll_id) values (19, 'Neutral', 5);
insert into option (option_id, option_value, poll_id) values (20, 'Somewhat Dissatisfied', 5);
insert into option (option_id, option_value, poll_id) values (21, 'Dissatisfied', 5);

insert into poll (poll_id, question) values (6, 'What is your favorite Disney Movie?');
insert into option (option_id, option_value, poll_id) values (22, 'Cars', 6);
insert into option (option_id, option_value, poll_id) values (23, 'Toy Story', 6);

insert into poll (poll_id, question) values (7, 'Who is going to win 2016 elections in United States ?');
insert into option (option_id, option_value, poll_id) values (24, 'Democrat', 7);
insert into option (option_id, option_value, poll_id) values (25, 'Republican', 7);

insert into poll (poll_id, question) values (8, 'Who is going to host next Olympics?');
insert into option (option_id, option_value, poll_id) values (26, 'Brazil', 8);
insert into option (option_id, option_value, poll_id) values (27, 'USA', 8);
insert into option (option_id, option_value, poll_id) values (28, 'UK', 8);

insert into poll (poll_id, question) values (9, 'What is the rhinos horn made of?');
insert into option (option_id, option_value, poll_id) values (29, 'Bone', 9);
insert into option (option_id, option_value, poll_id) values (30, 'Hair', 9);
insert into option (option_id, option_value, poll_id) values (31, 'Skin', 9);

insert into poll (poll_id, question) values (10, 'Entomology is the science that studies?');
insert into option (option_id, option_value, poll_id) values (32, 'insects', 10);
insert into option (option_id, option_value, poll_id) values (33, 'Formation of Rocks', 10);
insert into option (option_id, option_value, poll_id) values (34, 'Birds', 10);
insert into option (option_id, option_value, poll_id) values (35, 'Light', 10);

insert into poll (poll_id, question) values (11, 'How many toes does a dog have?');
insert into option (option_id, option_value, poll_id) values (36, '5', 11);
insert into option (option_id, option_value, poll_id) values (37, '10', 11);
insert into option (option_id, option_value, poll_id) values (38, '12', 11);
insert into option (option_id, option_value, poll_id) values (39, '8', 11);

insert into poll (poll_id, question) values (12, 'Which is the smallest ocean in the world?');
insert into option (option_id, option_value, poll_id) values (40, 'Arctic Ocean', 12);
insert into option (option_id, option_value, poll_id) values (41, 'Indian Ocean', 12);
insert into option (option_id, option_value, poll_id) values (42, 'Pacific Ocean', 12);
insert into option (option_id, option_value, poll_id) values (43, 'Atlantic Ocean', 12);

insert into poll (poll_id, question) values (13, 'What is the biggest State in the US?');
insert into option (option_id, option_value, poll_id) values (44, 'Texas', 13);
insert into option (option_id, option_value, poll_id) values (45, 'California', 13);
insert into option (option_id, option_value, poll_id) values (46, 'Florida', 13);
insert into option (option_id, option_value, poll_id) values (47, 'Alaska', 13);

insert into poll (poll_id, question) values (14, 'Famous Online Shopping Sites?');
insert into option (option_id, option_value, poll_id) values (48, 'Amazon', 14);
insert into option (option_id, option_value, poll_id) values (49, 'Overstock', 14);
insert into option (option_id, option_value, poll_id) values (50, 'ebay', 14);

insert into poll (poll_id, question) values (15, 'How many keys are on a standard piano?');
insert into option (option_id, option_value, poll_id) values (51, '66', 15);
insert into option (option_id, option_value, poll_id) values (52, '44', 15);
insert into option (option_id, option_value, poll_id) values (53, '88', 15);
insert into option (option_id, option_value, poll_id) values (54, '122', 15);

insert into poll (poll_id, question) values (16, 'Which country gave America the Statue of Liberty?');
insert into option (option_id, option_value, poll_id) values (55, 'Canada', 16);
insert into option (option_id, option_value, poll_id) values (56, 'France', 16);
insert into option (option_id, option_value, poll_id) values (57, 'Germany', 16);
insert into option (option_id, option_value, poll_id) values (58, 'England', 16);

insert into poll (poll_id, question) values (17, 'Best Christmas Gift?');
insert into option (option_id, option_value, poll_id) values (59, 'Smartphone', 17);
insert into option (option_id, option_value, poll_id) values (60, 'Car', 17);
insert into option (option_id, option_value, poll_id) values (61, 'House', 17);
insert into option (option_id, option_value, poll_id) values (62, 'World Trip', 17);

insert into poll (poll_id, question) values (18, 'Favorite Vaccation Place?');
insert into option (option_id, option_value, poll_id) values (63, 'Paris', 18);
insert into option (option_id, option_value, poll_id) values (64, 'Hawaii', 18);
insert into option (option_id, option_value, poll_id) values (65, 'Sydney', 18);
insert into option (option_id, option_value, poll_id) values (66, 'Tokyo', 18);

insert into poll (poll_id, question) values (19, 'Philology is the study of?');
insert into option (option_id, option_value, poll_id) values (67, 'Bones', 19);
insert into option (option_id, option_value, poll_id) values (68, 'Muscles', 19);
insert into option (option_id, option_value, poll_id) values (69, 'Architecture', 19);
insert into option (option_id, option_value, poll_id) values (70, 'Languages', 19);

insert into poll (poll_id, question) values (20, 'How many rings are on the Olympic flag?');
insert into option (option_id, option_value, poll_id) values (71, '6', 20);
insert into option (option_id, option_value, poll_id) values (72, '8', 20);
insert into option (option_id, option_value, poll_id) values (73, '5', 20);
insert into option (option_id, option_value, poll_id) values (74, '4', 20);

--password: cheese
insert into users (user_id, username, password, first_name, last_name, admin) values (1, 'mickey', '$2a$10$kSqU.ek5pDRMMK21tHJlceS1xOc9Kna4F0DD2ZwQH/LAzH0ML0p6.', 'Mickey', 'Mouse', 'no');
--password: red01
insert into users (user_id, username, password, first_name, last_name, admin) values (2, 'minnie', '$2a$10$MnHcLn.XdLx.iMntXsmdgeO1B4wAW1E5GOy/VrLUmr4aAzabXnGFq', 'Minnie', 'Mouse', 'no');
--password: quack
insert into users (user_id, username, password, first_name, last_name, admin) values (3, 'donald', '$2a$10$0UCBI04PCXiK0pF/9kI7.uAXiHNQeeHdkv9NhA1/xgmRpfd4qxRMG', 'Donald', 'Duck', 'no');
--password: quack2
insert into users (user_id, username, password, first_name, last_name, admin) values (4, 'daisy', '$2a$10$aNoR88g5b5TzSKb7mQ1nQOkyEwfHVQOxHY0HX7irI8qWINvLDWRyS', 'Daisy', 'Duck', 'no');
--password: moo
insert into users (user_id, username, password, first_name, last_name, admin) values (5, 'clarabelle', '$2a$10$cuTJd2ayEwXfsPdoF5/hde6gzsPx/gEiv8LZsjPN9VPoN5XVR8cKW', 'Clarabelle', 'Cow', 'no');
--password: admin
insert into users (user_id, username, password, first_name, last_name, admin) values (6, 'admin', '$2a$10$JQOfG5Tqnf97SbGcKsalz.XpDQbXi1APOf2SHPVW27bWNioi9nI8y', 'Super', 'Admin', 'yes');